[
	{"model": "Asignaturas.departamento", "pk": "BC", "fields": {"nombre": "BIOLOGIA CELULAR", "jefe": null}}, 
	{"model": "Asignaturas.departamento", "pk": "BO", "fields": {"nombre": "BIOLOGIA DE ORGANISMO", "jefe": null}}, {"model": "Asignaturas.departamento", "pk": "CC", "fields": {"nombre": "CIENCIAS Y TECNOLOG\u00cdA DEL COMPORTAMIENTO", "jefe": null}}, {"model": "Asignaturas.departamento", "pk": "CE", "fields": {"nombre": "CIENCIAS ECONOMICAS Y ADMINISTRATIVAS", "jefe": null}},
	{"model": "Asignaturas.departamento", "pk": "CI", "fields": {"nombre": "COMPUTACION Y TECNOLOGIA DE LA INFORMACION", "jefe": null}}, {"model": "Asignaturas.departamento", "pk": "CO", "fields": {"nombre": "COMPUTO CIENTIFICO", "jefe": null}}, {"model": "Asignaturas.departamento", "pk": "CS", "fields": {"nombre": "CIENCIAS SOCIALES", "jefe": null}}, 
	{"model": "Asignaturas.departamento", "pk": "CT", "fields": {"nombre": "CONVERSION Y TRANSPORTE DE ENERGIA", "jefe": null}}, {"model": "Asignaturas.departamento", "pk": "DA", "fields": {"nombre": "DISE\u00d1O, ARQUITECTURA Y ARTES PLASTICAS", "jefe": null}}, {"model": "Asignaturas.departamento", "pk": "EA", "fields": {"nombre": "ESTUDIOS AMBIENTALES", "jefe": null}}, {"model": "Asignaturas.departamento", "pk": "EC", "fields": {"nombre": "ELECTRONICA Y CIRCUITOS", "jefe": null}},
	{"model": "Asignaturas.departamento", "pk": "FL", "fields": {"nombre": "FILOSOFIA", "jefe": null}}, {"model": "Asignaturas.departamento", "pk": "FS", "fields": {"nombre": "FISICA", "jefe": null}}, {"model": "Asignaturas.departamento", "pk": "GC", "fields": {"nombre": "CIENCIAS DE LA TIERRA", "jefe": null}}, {"model": "Asignaturas.departamento", "pk": "ID", "fields": {"nombre": "IDIOMAS", "jefe": null}}, {"model": "Asignaturas.departamento", "pk": "LL", "fields": {"nombre": "LENGUA Y LITERATURA", "jefe": null}}, {"model": "Asignaturas.departamento", "pk": "MA", "fields": {"nombre": "MATEMATICAS PURAS Y APLICADAS", "jefe": null}},
	{"model": "Asignaturas.departamento", "pk": "MC", "fields": {"nombre": "MECANICA", "jefe": null}}, {"model": "Asignaturas.departamento", "pk": "MT", "fields": {"nombre": "CIENCIAS DE LOS MATERIALES", "jefe": null}}, {"model": "Asignaturas.departamento", "pk": "PB", "fields": {"nombre": "TECNOLOGIA DE PROCESOS BIOLOGICOS Y BIOQUIMICOS", "jefe": null}}, {"model": "Asignaturas.departamento", "pk": "PL", "fields": {"nombre": "PLANIFICACION URBANA", "jefe": null}},
	{"model": "Asignaturas.departamento", "pk": "PS", "fields": {"nombre": "PROCESOS Y SISTEMAS", "jefe": null}}, {"model": "Asignaturas.departamento", "pk": "QM", "fields": {"nombre": "QUIMICA", "jefe": null}}, {"model": "Asignaturas.departamento", "pk": "TF", "fields": {"nombre": "TERMODINAMICA Y FENOMENOS DE TRANSFERENCIA", "jefe": null}}, 
	{"model": "Asignaturas.asignatura", "pk": 1, "fields": {"codigo": "CI-5437", "nombre": "Inteligencia Artificial", "unidadesCredito": 4, "horasTeoria": 4, "horasPractica": 0, "horasLab": 0, "departamento": "CI", "requisitos": []}}, {"model": "Asignaturas.asignatura", "pk": 2, "fields": {"codigo": "CI-6644", "nombre": "Programaci\u00f3n concurrente", "unidadesCredito": 5, "horasTeoria": 4, "horasPractica": 2, "horasLab": 0, "departamento": "CI", "requisitos": []}}, {"model": "Asignaturas.asignatura", "pk": 3, "fields": {"codigo": "CI-7643", "nombre": "Lenguajes de Especificaci\u00f3n", "unidadesCredito": 3, "horasTeoria": 2, "horasPractica": 2, "horasLab": 2, "departamento": "CI", "requisitos": []}}, {"model": "Asignaturas.asignatura", "pk": 4, "fields": {"codigo": "CI-7641", "nombre": "Semi\u00f3tica", "unidadesCredito": 4, "horasTeoria": 4, "horasPractica": 0, "horasLab": 0, "departamento": "CI", "requisitos": []}}, {"model": "Asignaturas.asignatura", "pk": 5, "fields": {"codigo": "PB-5611", "nombre": "Introducci\u00f3n a la Bioingenier\u00eda", "unidadesCredito": 4, "horasTeoria": 4, "horasPractica": 0, "horasLab": 0, "departamento": "PB", "requisitos": []}}, {"model": "Asignaturas.asignatura", "pk": 6, "fields": {"codigo": "MA7671", "nombre": "Estructuras Combinatorias", "unidadesCredito": 4, "horasTeoria": 4, "horasPractica": 0, "horasLab": 0, "departamento": "MA", "requisitos": []}}, {"model": "Asignaturas.asignatura", "pk": 7, "fields": {"codigo": "MA8671", "nombre": "Flujo de Redes", "unidadesCredito": 4, "horasTeoria": 4, "horasPractica": 0, "horasLab": 0, "departamento": "MA", "requisitos": []}}, {"model": "Asignaturas.asignatura", "pk": 8, "fields": {"codigo": "CI-6621", "nombre": "Algoritmos Paralelos", "unidadesCredito": 4, "horasTeoria": 3, "horasPractica": 0, "horasLab": 0, "departamento": "CI", "requisitos": []}}, {"model": "Asignaturas.asignatura", "pk": 9, "fields": {"codigo": "CI-6811", "nombre": "Arquitectura Paralela", "unidadesCredito": 3, "horasTeoria": 4, "horasPractica": 0, "horasLab": 0, "departamento": "CI", "requisitos": [8]}}, {"model": "Asignaturas.asignatura", "pk": 10, "fields": {"codigo": "CI-6352", "nombre": "Seguridad de Datos", "unidadesCredito": 4, "horasTeoria": 4, "horasPractica": 0, "horasLab": 0, "departamento": "CI", "requisitos": []}}, {"model": "Asignaturas.asignatura", "pk": 11, "fields": {"codigo": "CI-5211", "nombre": "Control de Proyectos de Programas", "unidadesCredito": 4, "horasTeoria": 3, "horasPractica": 0, "horasLab": 2, "departamento": "CI", "requisitos": []}}, {"model": "Asignaturas.asignatura", "pk": 12, "fields": {"codigo": "CI-6319", "nombre": "Topicos en Computacion Grafica y Multimedios III", "unidadesCredito": 4, "horasTeoria": 4, "horasPractica": 0, "horasLab": 0, "departamento": "CI", "requisitos": []}}, {"model": "Asignaturas.asignatura", "pk": 13, "fields": {"codigo": "CI-5666", "nombre": "Algoritmos no Lineales", "unidadesCredito": 4, "horasTeoria": 4, "horasPractica": 0, "horasLab": 0, "departamento": "CI", "requisitos": []}}, {"model": "Asignaturas.asignatura", "pk": 14, "fields": {"codigo": "CO-5221", "nombre": "M\u00e9todos Num\u00e9ricos en Paralelo I", "unidadesCredito": 4, "horasTeoria": 4, "horasPractica": 0, "horasLab": 0, "departamento": "CO", "requisitos": []}}, {"model": "Asignaturas.asignatura", "pk": 15, "fields": {"codigo": "CO-5422", "nombre": "Flujo en Redes", "unidadesCredito": 4, "horasTeoria": 4, "horasPractica": 0, "horasLab": 0, "departamento": "CO", "requisitos": []}}, {"model": "Asignaturas.asignatura", "pk": 16, "fields": {"codigo": "CO-6411", "nombre": "Programaci\u00f3n Matem\u00e1tica Aplicada", "unidadesCredito": 4, "horasTeoria": 4, "horasPractica": 0, "horasLab": 0, "departamento": "CO", "requisitos": []}}, {"model": "Asignaturas.ofertadpto", "pk": 1, "fields": {"trimestre": "SD-17", "profesor": 1, "materia": 1, "departamento": "CI"}}, {"model": "Asignaturas.ofertadpto", "pk": 2, "fields": {"trimestre": "SD-17", "profesor": 1, "materia": 4, "departamento": "CI"}}, {"model": "Asignaturas.ofertadpto", "pk": 3, "fields": {"trimestre": "SD-17", "profesor": 2, "materia": 1, "departamento": "CI"}}, {"model": "Asignaturas.ofertadpto", "pk": 4, "fields": {"trimestre": "SD-17", "profesor": 2, "materia": 3, "departamento": "CI"}}, {"model": "Asignaturas.ofertadpto", "pk": 5, "fields": {"trimestre": "SD-17", "profesor": 3, "materia": 4, "departamento": "CI"}}, 
	{"model": "Asignaturas.coordinacion", "pk": 1, "fields": {"nombre": "Coordinaci\u00f3n de Matem\u00e1ticas", "email": "coord-ma@example.com", "materias": [6, 7, 14, 15, 16]}}, 
	{"model": "Asignaturas.coordinacion", "pk": 2, "fields": {"nombre": "Coordinaci\u00f3n de Ingenier\u00eda de la Computaci\u00f3n", "email": "coord-ci@example.com", "materias": [1, 2, 4, 3, 5, 14, 15, 16]}}, 
	{"model": "Asignaturas.coordinacion", "pk": 3, "fields": {"nombre": "Coordinaci\u00f3n de Biolog\u00eda", "email": "jareinozacg@gmail.com", "materias": [1, 5, 14, 15, 15]}}, 
	{"model": "Asignaturas.disponibilidad", "pk": 1, "fields": {"bloque": 1, "dia": 1}}, {"model": "Asignaturas.disponibilidad", "pk": 2, "fields": {"bloque": 2, "dia": 1}}, {"model": "Asignaturas.disponibilidad", "pk": 3, "fields": {"bloque": 3, "dia": 1}}, {"model": "Asignaturas.disponibilidad", "pk": 4, "fields": {"bloque": 4, "dia": 1}}, {"model": "Asignaturas.disponibilidad", "pk": 5, "fields": {"bloque": 5, "dia": 1}}, {"model": "Asignaturas.disponibilidad", "pk": 6, "fields": {"bloque": 6, "dia": 1}}, {"model": "Asignaturas.disponibilidad", "pk": 7, "fields": {"bloque": 7, "dia": 1}}, {"model": "Asignaturas.disponibilidad", "pk": 8, "fields": {"bloque": 8, "dia": 1}}, {"model": "Asignaturas.disponibilidad", "pk": 9, "fields": {"bloque": 9, "dia": 1}}, {"model": "Asignaturas.disponibilidad", "pk": 10, "fields": {"bloque": 10, "dia": 1}}, {"model": "Asignaturas.disponibilidad", "pk": 11, "fields": {"bloque": 11, "dia": 1}}, {"model": "Asignaturas.disponibilidad", "pk": 12, "fields": {"bloque": 12, "dia": 1}}, {"model": "Asignaturas.disponibilidad", "pk": 13, "fields": {"bloque": 1, "dia": 2}}, {"model": "Asignaturas.disponibilidad", "pk": 14, "fields": {"bloque": 2, "dia": 2}}, {"model": "Asignaturas.disponibilidad", "pk": 15, "fields": {"bloque": 3, "dia": 2}}, {"model": "Asignaturas.disponibilidad", "pk": 16, "fields": {"bloque": 4, "dia": 2}}, {"model": "Asignaturas.disponibilidad", "pk": 17, "fields": {"bloque": 5, "dia": 2}}, {"model": "Asignaturas.disponibilidad", "pk": 18, "fields": {"bloque": 6, "dia": 2}}, {"model": "Asignaturas.disponibilidad", "pk": 19, "fields": {"bloque": 7, "dia": 2}}, {"model": "Asignaturas.disponibilidad", "pk": 20, "fields": {"bloque": 8, "dia": 2}}, {"model": "Asignaturas.disponibilidad", "pk": 21, "fields": {"bloque": 9, "dia": 2}}, {"model": "Asignaturas.disponibilidad", "pk": 22, "fields": {"bloque": 10, "dia": 2}}, {"model": "Asignaturas.disponibilidad", "pk": 23, "fields": {"bloque": 11, "dia": 2}}, {"model": "Asignaturas.disponibilidad", "pk": 24, "fields": {"bloque": 1, "dia": 3}}, {"model": "Asignaturas.disponibilidad", "pk": 26, "fields": {"bloque": 2, "dia": 3}}, {"model": "Asignaturas.disponibilidad", "pk": 27, "fields": {"bloque": 3, "dia": 3}}, {"model": "Asignaturas.disponibilidad", "pk": 28, "fields": {"bloque": 4, "dia": 3}}, {"model": "Asignaturas.disponibilidad", "pk": 29, "fields": {"bloque": 5, "dia": 3}}, {"model": "Asignaturas.disponibilidad", "pk": 30, "fields": {"bloque": 6, "dia": 3}}, {"model": "Asignaturas.disponibilidad", "pk": 31, "fields": {"bloque": 7, "dia": 3}}, {"model": "Asignaturas.disponibilidad", "pk": 32, "fields": {"bloque": 8, "dia": 3}}, {"model": "Asignaturas.disponibilidad", "pk": 33, "fields": {"bloque": 9, "dia": 3}}, {"model": "Asignaturas.disponibilidad", "pk": 34, "fields": {"bloque": 10, "dia": 3}}, {"model": "Asignaturas.disponibilidad", "pk": 35, "fields": {"bloque": 11, "dia": 3}}, {"model": "Asignaturas.disponibilidad", "pk": 36, "fields": {"bloque": 12, "dia": 3}}, {"model": "Asignaturas.disponibilidad", "pk": 37, "fields": {"bloque": 1, "dia": 4}}, {"model": "Asignaturas.disponibilidad", "pk": 38, "fields": {"bloque": 2, "dia": 4}}, {"model": "Asignaturas.disponibilidad", "pk": 39, "fields": {"bloque": 3, "dia": 4}}, {"model": "Asignaturas.disponibilidad", "pk": 40, "fields": {"bloque": 4, "dia": 4}}, {"model": "Asignaturas.disponibilidad", "pk": 41, "fields": {"bloque": 5, "dia": 4}}, {"model": "Asignaturas.disponibilidad", "pk": 42, "fields": {"bloque": 6, "dia": 4}}, {"model": "Asignaturas.disponibilidad", "pk": 43, "fields": {"bloque": 7, "dia": 4}}, {"model": "Asignaturas.disponibilidad", "pk": 44, "fields": {"bloque": 8, "dia": 4}}, {"model": "Asignaturas.disponibilidad", "pk": 45, "fields": {"bloque": 9, "dia": 4}}, {"model": "Asignaturas.disponibilidad", "pk": 46, "fields": {"bloque": 10, "dia": 4}}, {"model": "Asignaturas.disponibilidad", "pk": 47, "fields": {"bloque": 11, "dia": 4}}, {"model": "Asignaturas.disponibilidad", "pk": 48, "fields": {"bloque": 12, "dia": 4}}, {"model": "Asignaturas.disponibilidad", "pk": 49, "fields": {"bloque": 1, "dia": 5}}, {"model": "Asignaturas.disponibilidad", "pk": 50, "fields": {"bloque": 2, "dia": 5}}, {"model": "Asignaturas.disponibilidad", "pk": 51, "fields": {"bloque": 3, "dia": 5}}, {"model": "Asignaturas.disponibilidad", "pk": 52, "fields": {"bloque": 4, "dia": 5}}, {"model": "Asignaturas.disponibilidad", "pk": 53, "fields": {"bloque": 5, "dia": 5}}, {"model": "Asignaturas.disponibilidad", "pk": 54, "fields": {"bloque": 6, "dia": 5}}, {"model": "Asignaturas.disponibilidad", "pk": 55, "fields": {"bloque": 7, "dia": 5}}, {"model": "Asignaturas.disponibilidad", "pk": 56, "fields": {"bloque": 8, "dia": 5}}, {"model": "Asignaturas.disponibilidad", "pk": 57, "fields": {"bloque": 9, "dia": 5}}, {"model": "Asignaturas.disponibilidad", "pk": 58, "fields": {"bloque": 10, "dia": 5}}, {"model": "Asignaturas.disponibilidad", "pk": 59, "fields": {"bloque": 11, "dia": 5}}, {"model": "Asignaturas.disponibilidad", "pk": 60, "fields": {"bloque": 12, "dia": 5}}, {"model": "Asignaturas.disponibilidad", "pk": 61, "fields": {"bloque": 1, "dia": 6}}, {"model": "Asignaturas.disponibilidad", "pk": 62, "fields": {"bloque": 2, "dia": 6}}, {"model": "Asignaturas.disponibilidad", "pk": 63, "fields": {"bloque": 3, "dia": 6}}, {"model": "Asignaturas.disponibilidad", "pk": 64, "fields": {"bloque": 4, "dia": 6}}, {"model": "Asignaturas.disponibilidad", "pk": 65, "fields": {"bloque": 5, "dia": 6}}, {"model": "Asignaturas.disponibilidad", "pk": 66, "fields": {"bloque": 6, "dia": 6}}, {"model": "Asignaturas.disponibilidad", "pk": 67, "fields": {"bloque": 7, "dia": 6}}, {"model": "Asignaturas.disponibilidad", "pk": 68, "fields": {"bloque": 8, "dia": 6}}, {"model": "Asignaturas.disponibilidad", "pk": 69, "fields": {"bloque": 9, "dia": 6}}, {"model": "Asignaturas.disponibilidad", "pk": 70, "fields": {"bloque": 10, "dia": 6}}, {"model": "Asignaturas.disponibilidad", "pk": 71, "fields": {"bloque": 11, "dia": 6}}, {"model": "Asignaturas.disponibilidad", "pk": 72, "fields": {"bloque": 12, "dia": 6}}, {"model": "auth.permission", "pk": 1, "fields": {"name": "Can add log entry", "content_type": 1, "codename": "add_logentry"}}, {"model": "auth.permission", "pk": 2, "fields": {"name": "Can change log entry", "content_type": 1, "codename": "change_logentry"}}, {"model": "auth.permission", "pk": 3, "fields": {"name": "Can delete log entry", "content_type": 1, "codename": "delete_logentry"}}, {"model": "auth.permission", "pk": 4, "fields": {"name": "Can add user", "content_type": 2, "codename": "add_user"}}, {"model": "auth.permission", "pk": 5, "fields": {"name": "Can change user", "content_type": 2, "codename": "change_user"}}, {"model": "auth.permission", "pk": 6, "fields": {"name": "Can delete user", "content_type": 2, "codename": "delete_user"}}, {"model": "auth.permission", "pk": 7, "fields": {"name": "Can add group", "content_type": 3, "codename": "add_group"}}, {"model": "auth.permission", "pk": 8, "fields": {"name": "Can change group", "content_type": 3, "codename": "change_group"}}, {"model": "auth.permission", "pk": 9, "fields": {"name": "Can delete group", "content_type": 3, "codename": "delete_group"}}, {"model": "auth.permission", "pk": 10, "fields": {"name": "Can add permission", "content_type": 4, "codename": "add_permission"}}, {"model": "auth.permission", "pk": 11, "fields": {"name": "Can change permission", "content_type": 4, "codename": "change_permission"}}, {"model": "auth.permission", "pk": 12, "fields": {"name": "Can delete permission", "content_type": 4, "codename": "delete_permission"}}, {"model": "auth.permission", "pk": 13, "fields": {"name": "Can add content type", "content_type": 5, "codename": "add_contenttype"}}, {"model": "auth.permission", "pk": 14, "fields": {"name": "Can change content type", "content_type": 5, "codename": "change_contenttype"}}, {"model": "auth.permission", "pk": 15, "fields": {"name": "Can delete content type", "content_type": 5, "codename": "delete_contenttype"}}, {"model": "auth.permission", "pk": 16, "fields": {"name": "Can add session", "content_type": 6, "codename": "add_session"}}, {"model": "auth.permission", "pk": 17, "fields": {"name": "Can change session", "content_type": 6, "codename": "change_session"}}, {"model": "auth.permission", "pk": 18, "fields": {"name": "Can delete session", "content_type": 6, "codename": "delete_session"}}, {"model": "auth.permission", "pk": 19, "fields": {"name": "Can add oferta", "content_type": 7, "codename": "add_oferta"}}, {"model": "auth.permission", "pk": 20, "fields": {"name": "Can change oferta", "content_type": 7, "codename": "change_oferta"}}, {"model": "auth.permission", "pk": 21, "fields": {"name": "Can delete oferta", "content_type": 7, "codename": "delete_oferta"}}, {"model": "auth.permission", "pk": 22, "fields": {"name": "Can add profesor", "content_type": 8, "codename": "add_profesor"}}, {"model": "auth.permission", "pk": 23, "fields": {"name": "Can change profesor", "content_type": 8, "codename": "change_profesor"}}, {"model": "auth.permission", "pk": 24, "fields": {"name": "Can delete profesor", "content_type": 8, "codename": "delete_profesor"}}, {"model": "auth.permission", "pk": 25, "fields": {"name": "Can add oferta coord", "content_type": 9, "codename": "add_ofertacoord"}}, {"model": "auth.permission", "pk": 26, "fields": {"name": "Can change oferta coord", "content_type": 9, "codename": "change_ofertacoord"}}, {"model": "auth.permission", "pk": 27, "fields": {"name": "Can delete oferta coord", "content_type": 9, "codename": "delete_ofertacoord"}}, {"model": "auth.permission", "pk": 28, "fields": {"name": "Can add coordinacion", "content_type": 10, "codename": "add_coordinacion"}}, {"model": "auth.permission", "pk": 29, "fields": {"name": "Can change coordinacion", "content_type": 10, "codename": "change_coordinacion"}}, {"model": "auth.permission", "pk": 30, "fields": {"name": "Can delete coordinacion", "content_type": 10, "codename": "delete_coordinacion"}}, {"model": "auth.permission", "pk": 31, "fields": {"name": "Can add departamento", "content_type": 11, "codename": "add_departamento"}}, {"model": "auth.permission", "pk": 32, "fields": {"name": "Can change departamento", "content_type": 11, "codename": "change_departamento"}}, {"model": "auth.permission", "pk": 33, "fields": {"name": "Can delete departamento", "content_type": 11, "codename": "delete_departamento"}}, {"model": "auth.permission", "pk": 34, "fields": {"name": "Can add oferta dpto", "content_type": 12, "codename": "add_ofertadpto"}}, {"model": "auth.permission", "pk": 35, "fields": {"name": "Can change oferta dpto", "content_type": 12, "codename": "change_ofertadpto"}}, {"model": "auth.permission", "pk": 36, "fields": {"name": "Can delete oferta dpto", "content_type": 12, "codename": "delete_ofertadpto"}}, {"model": "auth.permission", "pk": 37, "fields": {"name": "Can add disponibilidad", "content_type": 13, "codename": "add_disponibilidad"}}, {"model": "auth.permission", "pk": 38, "fields": {"name": "Can change disponibilidad", "content_type": 13, "codename": "change_disponibilidad"}}, {"model": "auth.permission", "pk": 39, "fields": {"name": "Can delete disponibilidad", "content_type": 13, "codename": "delete_disponibilidad"}}, {"model": "auth.permission", "pk": 40, "fields": {"name": "Can add asignatura", "content_type": 14, "codename": "add_asignatura"}}, {"model": "auth.permission", "pk": 41, "fields": {"name": "Can change asignatura", "content_type": 14, "codename": "change_asignatura"}}, {"model": "auth.permission", "pk": 42, "fields": {"name": "Can delete asignatura", "content_type": 14, "codename": "delete_asignatura"}}, {"model": "auth.user", "pk": 1, "fields": {"password": "pbkdf2_sha256$36000$ilUcL2hFbmNH$CwDr2nTe1EqUsKC/0B2zQjHj2V7KCY9epbR1yiuqO3k=", "last_login": "2018-12-20T17:50:52.950Z", "is_superuser": false, "username": "costi", "first_name": "", "last_name": "", "email": "costi@gmail.com", "is_staff": false, "is_active": true, "date_joined": "2018-12-20T17:26:43.672Z", "groups": [], "user_permissions": []}}, {"model": "auth.user", "pk": 2, "fields": {"password": "pbkdf2_sha256$36000$KuDp8bGQjoDA$LtBnTZTz8xZYuI1C4Emfp8qYOEngL4dTi5y/O7QPraQ=", "last_login": "2018-12-20T17:46:51.349Z", "is_superuser": false, "username": "ana", "first_name": "", "last_name": "", "email": "ana@gmail.com", "is_staff": false, "is_active": true, "date_joined": "2018-12-20T17:46:43.877Z", "groups": [], "user_permissions": []}}, {"model": "Asignaturas.profesor", "pk": 1, "fields": {"nombre": "Ana", "apellido": "Diaz", "cedula": "1234567", "departamento": "CI", "email": "ana@gmail.com", "user": null, "disponibilidad": [], "asignaturas": [1, 4]}}, {"model": "Asignaturas.profesor", "pk": 2, "fields": {"nombre": "Juan", "apellido": "Perez", "cedula": "22333444", "departamento": "CI", "email": "juan@gmail.com", "user": null, "disponibilidad": [], "asignaturas": [1, 3]}}, {"model": "Asignaturas.profesor", "pk": 3, "fields": {"nombre": "Maria", "apellido": "Garcia", "cedula": "44555666", "departamento": "CI", "email": "maria@gmail.com", "user": null, "disponibilidad": [], "asignaturas": [1, 2, 4]}}, {"model": "Asignaturas.profesor", "pk": 4, "fields": {"nombre": "Constanza", "apellido": "Abarca", "cedula": "23787291", "departamento": "CI", "email": "", "user": 1, "disponibilidad": [], "asignaturas": []}}, {"model": "Asignaturas.profesor", "pk": 5, "fields": {"nombre": "Ana", "apellido": "Diaz", "cedula": "22111333", "departamento": "CO", "email": "", "user": 2, "disponibilidad": [], "asignaturas": []}}, {"model": "Asignaturas.profesor", "pk": 6, "fields": {"nombre": "L", "apellido": "Palacios", "cedula": "20000001", "departamento": "CO", "email": "lpalacio@usb.ve", "user": null, "disponibilidad": [2], "asignaturas": [14]}}, {"model": "Asignaturas.profesor", "pk": 7, "fields": {"nombre": "M", "apellido": "Lentini", "cedula": "20000002", "departamento": "CO", "email": "mlentini@usb.ve", "user": null, "disponibilidad": [1], "asignaturas": [15]}}, {"model": "Asignaturas.profesor", "pk": 8, "fields": {"nombre": "L", "apellido": "Perichi", "cedula": "20000003", "departamento": "CO", "email": "lperichi@usb.ve", "user": null, "disponibilidad": [3], "asignaturas": [16]}}, {"model": "Asignaturas.profesor", "pk": 9, "fields": {"nombre": "Maestro", "apellido": "Yoda", "cedula": "10123122", "departamento": "CI", "email": "myoda@usb.ve", "user": null, "disponibilidad": [2], "asignaturas": [8]}}, {"model": "Asignaturas.profesor", "pk": 10, "fields": {"nombre": "Profesor", "apellido": "Frink", "cedula": "10123123", "departamento": "CI", "email": "pfrink@usb.ve", "user": null, "disponibilidad": [2], "asignaturas": [12, 8, 9]}}, {"model": "Asignaturas.profesor", "pk": 11, "fields": {"nombre": "Profesor", "apellido": "Xavier", "cedula": "10123124", "departamento": "CI", "email": "pxavier@usb.ve", "user": null, "disponibilidad": [3], "asignaturas": [12, 8]}}, {"model": "Asignaturas.profesor", "pk": 12, "fields": {"nombre": "Profesor Henry", "apellido": "Jones", "cedula": "10123125", "departamento": "CI", "email": "hjones@usb.ve", "user": null, "disponibilidad": [3], "asignaturas": []}}, 
	{"model": "Asignaturas.profesor", "pk": 13, "fields": {"nombre": "Profesor", "apellido": "Dumbledore", "cedula": "10123126", "departamento": "CI", "email": "pdumbledore@usb.ve", "user": null, "disponibilidad": [3], "asignaturas": [12, 8]}},
{
	"model": "Asignaturas.ofertaDpto",
	"pk": 6,
	"fields": {
		"trimestre": "SD-16",
		"profesor": 6,
		"materia": 14,
		"departamento": "CO"
	}
},

{
	"model": "Asignaturas.ofertaDpto",
	"pk": 7,
	"fields": {
		"trimestre": "SD-16",
		"profesor": 7,
		"materia": 15,
		"departamento": "CO"
	}
},

{
	"model": "Asignaturas.ofertaDpto",
	"pk": 8,
	"fields": {
		"trimestre": "SD-16",
		"profesor": 8,
		"materia": 16,
		"departamento": "CO"
	}
},

{
	"model": "Asignaturas.ofertaDpto",
	"pk": 9,
	"fields": {
		"trimestre": "SD-16",
		"profesor": 1,
		"materia": 14,
		"departamento": "CO"
	}
}

]